n_nodes,instance_id,repetition_id,solver,status,total_cost,elapsed_seconds,memory_usage_mb,gap_pct,exact_match,consistency_error,epoch,seed,selected_body_ids,route
2,n2_i01,1,branch_and_bound,optimal,5.2310448768671325,0.011990054001216777,0.0007781982421875,,True,False,2026-04-21T00:00:00,,399|98811,0-1
2,n2_i01,1,ilp,optimal,5.2310448768671325,0.022324773999571335,0.08941936492919922,,True,False,2026-04-21T00:00:00,,399|98811,0-1
2,n2_i01,1,aco,feasible,5.2310448768671325,0.14952069700120774,0.01190948486328125,0.0,True,False,2026-04-21T00:00:00,11.0,399|98811,0-1
2,n2_i01,2,aco,feasible,5.2310448768671325,0.15720128799875965,0.01169586181640625,0.0,True,False,2026-04-21T00:00:00,22.0,399|98811,0-1
2,n2_i01,3,aco,feasible,5.2310448768671325,0.1753100820005784,0.01148223876953125,0.0,True,False,2026-04-21T00:00:00,33.0,399|98811,0-1
2,n2_i01,4,aco,feasible,5.2310448768671325,0.169509139001093,0.011322021484375,0.0,True,False,2026-04-21T00:00:00,44.0,399|98811,0-1
2,n2_i01,5,aco,feasible,5.2310448768671325,0.17766801600009785,0.0111083984375,0.0,True,False,2026-04-21T00:00:00,55.0,399|98811,0-1
2,n2_i02,1,branch_and_bound,optimal,4.427725399206396,0.01305300899912254,0.0007781982421875,,True,False,2026-04-21T00:00:00,,399|19593,0-1
2,n2_i02,1,ilp,optimal,4.427725399206396,0.037589322000712855,0.0893106460571289,,True,False,2026-04-21T00:00:00,,399|19593,0-1
2,n2_i02,1,aco,feasible,4.427725399206396,0.15428582899949106,0.01052093505859375,0.0,True,False,2026-04-21T00:00:00,11.0,399|19593,0-1
2,n2_i02,2,aco,feasible,4.427725399206396,0.15061582400085172,0.01030731201171875,0.0,True,False,2026-04-21T00:00:00,22.0,399|19593,0-1
2,n2_i02,3,aco,feasible,4.427725399206396,0.17238543600069534,0.01009368896484375,0.0,True,False,2026-04-21T00:00:00,33.0,399|19593,0-1
2,n2_i02,4,aco,feasible,4.427725399206396,0.17020846299965342,0.00988006591796875,0.0,True,False,2026-04-21T00:00:00,44.0,399|19593,0-1
2,n2_i02,5,aco,feasible,4.427725399206396,0.1519634619999124,0.00966644287109375,0.0,True,False,2026-04-21T00:00:00,55.0,399|19593,0-1
2,n2_i03,1,branch_and_bound,optimal,5.720061965617289,0.013884740001230966,0.0007781982421875,,True,False,2026-04-21T00:00:00,,399|3279,0-1
2,n2_i03,1,ilp,optimal,5.720061965617289,0.03457230200001504,0.08913230895996094,,True,False,2026-04-21T00:00:00,,399|3279,0-1
2,n2_i03,1,aco,feasible,5.720061965617289,0.16797259700069844,0.0090789794921875,0.0,True,False,2026-04-21T00:00:00,11.0,399|3279,0-1
2,n2_i03,2,aco,feasible,5.720061965617289,0.16513809000025503,0.0088653564453125,0.0,True,False,2026-04-21T00:00:00,22.0,399|3279,0-1
2,n2_i03,3,aco,feasible,5.720061965617289,0.16106279600171547,0.0086517333984375,0.0,True,False,2026-04-21T00:00:00,33.0,399|3279,0-1
2,n2_i03,4,aco,feasible,5.720061965617289,0.16547811900090892,0.0086517333984375,0.0,True,False,2026-04-21T00:00:00,44.0,399|3279,0-1
2,n2_i03,5,aco,feasible,5.720061965617289,0.16672250399824406,0.0086517333984375,0.0,True,False,2026-04-21T00:00:00,55.0,399|3279,0-1
2,n2_i04,1,branch_and_bound,optimal,7.237196004771224,0.007533202999184141,0.0007781982421875,,True,False,2026-04-21T00:00:00,,399|51049,0-1
2,n2_i04,1,ilp,optimal,7.237196004771224,0.024668832000315888,0.08887863159179688,,True,False,2026-04-21T00:00:00,,399|51049,0-1
2,n2_i04,1,aco,feasible,7.237196004771224,0.20684447799976624,0.0086517333984375,0.0,True,False,2026-04-21T00:00:00,11.0,399|51049,0-1
2,n2_i04,2,aco,feasible,7.237196004771224,0.1538729459989554,0.0086517333984375,0.0,True,False,2026-04-21T00:00:00,22.0,399|51049,0-1
2,n2_i04,3,aco,feasible,7.237196004771224,0.16595899300045858,0.0086517333984375,0.0,True,False,2026-04-21T00:00:00,33.0,399|51049,0-1
2,n2_i04,4,aco,feasible,7.237196004771224,0.1607771210001374,0.0086517333984375,0.0,True,False,2026-04-21T00:00:00,44.0,399|51049,0-1
2,n2_i04,5,aco,feasible,7.237196004771224,0.1651018539996585,0.0086517333984375,0.0,True,False,2026-04-21T00:00:00,55.0,399|51049,0-1
2,n2_i05,1,branch_and_bound,optimal,4.646765813176559,0.008200094998755958,0.0007781982421875,,True,False,2026-04-21T00:00:00,,399|37099,0-1
2,n2_i05,1,ilp,optimal,4.646765813176559,0.027837145999001223,0.08863449096679688,,True,False,2026-04-21T00:00:00,,399|37099,0-1
2,n2_i05,1,aco,feasible,4.646765813176559,0.1558776689998922,0.0086517333984375,0.0,True,False,2026-04-21T00:00:00,11.0,399|37099,0-1
2,n2_i05,2,aco,feasible,4.646765813176559,0.1682927510009904,0.0086517333984375,0.0,True,False,2026-04-21T00:00:00,22.0,399|37099,0-1
2,n2_i05,3,aco,feasible,4.646765813176559,0.17243470300127228,0.0086517333984375,0.0,True,False,2026-04-21T00:00:00,33.0,399|37099,0-1
2,n2_i05,4,aco,feasible,4.646765813176559,0.16778256600082386,0.0086517333984375,0.0,True,False,2026-04-21T00:00:00,44.0,399|37099,0-1
2,n2_i05,5,aco,feasible,4.646765813176559,0.15369099700001243,0.0086517333984375,0.0,True,False,2026-04-21T00:00:00,55.0,399|37099,0-1
4,n4_i01,1,branch_and_bound,optimal,14.112222753051556,0.010091494001244428,0.00075531005859375,,True,False,2026-04-21T00:00:00,,399|34257|23290|18435,0-1-3-2
4,n4_i01,1,ilp,optimal,14.112222753051556,0.035406109998803004,0.11672592163085938,,True,False,2026-04-21T00:00:00,,399|34257|23290|18435,0-2-3-1
4,n4_i01,1,aco,feasible,14.112222753051556,0.4105678279993299,0.008880615234375,0.0,True,False,2026-04-21T00:00:00,11.0,399|34257|23290|18435,0-2-3-1
4,n4_i01,2,aco,feasible,14.112222753051556,0.3743318819997512,0.00897979736328125,0.0,True,False,2026-04-21T00:00:00,22.0,399|34257|23290|18435,0-1-3-2
4,n4_i01,3,aco,feasible,14.112222753051556,0.4117383369994059,0.0089263916015625,0.0,True,False,2026-04-21T00:00:00,33.0,399|34257|23290|18435,0-2-3-1
4,n4_i01,4,aco,feasible,14.112222753051556,0.40687081500072964,0.0089263916015625,0.0,True,False,2026-04-21T00:00:00,44.0,399|34257|23290|18435,0-1-3-2
4,n4_i01,5,aco,feasible,14.112222753051556,0.4579377019999811,0.0089263916015625,0.0,True,False,2026-04-21T00:00:00,55.0,399|34257|23290|18435,0-1-3-2
4,n4_i02,1,branch_and_bound,optimal,8.833412334791381,0.014085257000260754,0.00081634521484375,,True,False,2026-04-21T00:00:00,,399|86483|16396|92398,0-1-2-3
4,n4_i02,1,ilp,optimal,8.833412334791381,0.042955654998877435,0.11712169647216797,,True,False,2026-04-21T00:00:00,,399|86483|16396|92398,0-1-2-3
4,n4_i02,1,aco,feasible,8.833412334791381,0.38694666599985794,0.00897979736328125,0.0,True,False,2026-04-21T00:00:00,11.0,399|86483|16396|92398,0-1-2-3
4,n4_i02,2,aco,feasible,8.833412334791381,0.37700956399930874,0.00897979736328125,0.0,True,False,2026-04-21T00:00:00,22.0,399|86483|16396|92398,0-3-2-1
4,n4_i02,3,aco,feasible,8.833412334791381,0.37883925800088036,0.00897979736328125,0.0,True,False,2026-04-21T00:00:00,33.0,399|86483|16396|92398,0-3-2-1
4,n4_i02,4,aco,feasible,8.833412334791381,0.3869072060006147,0.00897979736328125,0.0,True,False,2026-04-21T00:00:00,44.0,399|86483|16396|92398,0-1-2-3
4,n4_i02,5,aco,feasible,8.833412334791381,0.38320320899947546,0.00897979736328125,0.0,True,False,2026-04-21T00:00:00,55.0,399|86483|16396|92398,0-3-2-1
4,n4_i03,1,branch_and_bound,optimal,11.088982240854381,0.009936573000231874,0.00081634521484375,,True,False,2026-04-21T00:00:00,,399|70303|4166|3906,0-1-2-3
4,n4_i03,1,ilp,optimal,11.088982240854381,0.04660182800034818,0.11687374114990234,,True,False,2026-04-21T00:00:00,,399|70303|4166|3906,0-1-2-3
4,n4_i03,1,aco,feasible,11.088982240854381,0.38999913000043307,0.00897979736328125,0.0,True,False,2026-04-21T00:00:00,11.0,399|70303|4166|3906,0-1-2-3
4,n4_i03,2,aco,feasible,11.088982240854381,0.3956213420005952,0.00897979736328125,0.0,True,False,2026-04-21T00:00:00,22.0,399|70303|4166|3906,0-3-2-1
4,n4_i03,3,aco,feasible,11.088982240854381,0.3947282469998754,0.00897979736328125,0.0,True,False,2026-04-21T00:00:00,33.0,399|70303|4166|3906,0-3-2-1
4,n4_i03,4,aco,feasible,11.088982240854381,0.4853159059985046,0.00897979736328125,0.0,True,False,2026-04-21T00:00:00,44.0,399|70303|4166|3906,0-1-2-3
4,n4_i03,5,aco,feasible,11.088982240854381,0.383033518000957,0.00897979736328125,0.0,True,False,2026-04-21T00:00:00,55.0,399|70303|4166|3906,0-3-2-1
4,n4_i04,1,branch_and_bound,optimal,13.695714989918065,0.01503742500062799,0.0008697509765625,,True,False,2026-04-21T00:00:00,,399|17281|33658|35496,0-1-3-2
4,n4_i04,1,ilp,optimal,13.695714989918065,0.03539928899954248,0.1168212890625,,True,False,2026-04-21T00:00:00,,399|17281|33658|35496,0-2-3-1
4,n4_i04,1,aco,feasible,13.695714989918065,0.37621803100046236,0.0089263916015625,0.0,True,False,2026-04-21T00:00:00,11.0,399|17281|33658|35496,0-1-3-2
4,n4_i04,2,aco,feasible,13.695714989918065,0.38759793500139494,0.00897979736328125,0.0,True,False,2026-04-21T00:00:00,22.0,399|17281|33658|35496,0-1-3-2
4,n4_i04,3,aco,feasible,13.695714989918065,0.38141378200089093,0.0089263916015625,0.0,True,False,2026-04-21T00:00:00,33.0,399|17281|33658|35496,0-1-3-2
4,n4_i04,4,aco,feasible,13.695714989918065,0.4082189990003826,0.0089263916015625,0.0,True,False,2026-04-21T00:00:00,44.0,399|17281|33658|35496,0-1-3-2
4,n4_i04,5,aco,feasible,13.695714989918065,0.367564449999918,0.0089263916015625,0.0,True,False,2026-04-21T00:00:00,55.0,399|17281|33658|35496,0-1-3-2
4,n4_i05,1,branch_and_bound,optimal,8.397345034598663,0.0162870699987252,0.00081634521484375,,True,False,2026-04-21T00:00:00,,399|81238|93908|3479,0-1-2-3
4,n4_i05,1,ilp,optimal,8.397345034598663,0.03495844200006104,0.1169271469116211,,True,False,2026-04-21T00:00:00,,399|81238|93908|3479,0-1-2-3
4,n4_i05,1,aco,feasible,8.397345034598663,0.3836872920001042,0.0089263916015625,0.0,True,False,2026-04-21T00:00:00,11.0,399|81238|93908|3479,0-1-2-3
4,n4_i05,2,aco,feasible,8.397345034598663,0.38753226900007576,0.00897979736328125,0.0,True,False,2026-04-21T00:00:00,22.0,399|81238|93908|3479,0-3-2-1
4,n4_i05,3,aco,feasible,8.397345034598663,0.3734689120010444,0.00897979736328125,0.0,True,False,2026-04-21T00:00:00,33.0,399|81238|93908|3479,0-1-2-3
4,n4_i05,4,aco,feasible,8.397345034598663,0.3953731239998888,0.0089263916015625,0.0,True,False,2026-04-21T00:00:00,44.0,399|81238|93908|3479,0-1-2-3
4,n4_i05,5,aco,feasible,8.397345034598663,0.36755016000097385,0.00897979736328125,0.0,True,False,2026-04-21T00:00:00,55.0,399|81238|93908|3479,0-3-2-1
6,n6_i01,1,branch_and_bound,optimal,15.329795906468377,0.015143348999117734,0.0011749267578125,,True,False,2026-04-21T00:00:00,,0-2-1-3-4-5
6,n6_i01,1,ilp,optimal,15.329795906468378,0.048117709999132785,0.13793182373046875,,True,False,2026-04-21T00:00:00,,0-5-4-3-1-2
6,n6_i01,1,aco,feasible,15.329795906468377,0.6428975819999323,0.01322174072265625,-1.1587609190874616e-14,True,False,2026-04-21T00:00:00,11.0,0-2-1-3-4-5
6,n6_i01,2,aco,feasible,15.329795906468377,0.6412867670005653,0.01300811767578125,-1.1587609190874616e-14,True,False,2026-04-21T00:00:00,22.0,0-2-1-3-4-5
6,n6_i01,3,aco,feasible,15.329795906468377,0.6673422459989524,0.01279449462890625,-1.1587609190874616e-14,True,False,2026-04-21T00:00:00,33.0,0-2-1-3-4-5
6,n6_i01,4,aco,feasible,15.329795906468377,0.651362999000412,0.01258087158203125,-1.1587609190874616e-14,True,False,2026-04-21T00:00:00,44.0,0-2-1-3-4-5
6,n6_i01,5,aco,feasible,15.329795906468377,0.6849846790009906,0.01236724853515625,-1.1587609190874616e-14,True,False,2026-04-21T00:00:00,55.0,0-2-1-3-4-5
6,n6_i02,1,branch_and_bound,optimal,15.241983600400475,0.017133129000285408,0.00107574462890625,,True,False,2026-04-21T00:00:00,,0-2-3-1-4-5
6,n6_i02,1,ilp,optimal,15.241983600400475,0.05492824999964796,0.13806533813476562,,True,False,2026-04-21T00:00:00,,0-2-3-1-4-5
6,n6_i02,1,aco,feasible,15.241983600400475,0.6826729170006729,0.01177978515625,0.0,True,False,2026-04-21T00:00:00,11.0,0-2-3-1-4-5
6,n6_i02,2,aco,feasible,15.241983600400475,0.7321564980011317,0.01154327392578125,0.0,True,False,2026-04-21T00:00:00,22.0,0-2-3-1-4-5
6,n6_i02,3,aco,feasible,15.241983600400475,0.6779944720001367,0.0113525390625,0.0,True,False,2026-04-21T00:00:00,33.0,0-2-3-1-4-5
6,n6_i02,4,aco,feasible,15.241983600400475,0.6767542729994602,0.01111602783203125,0.0,True,False,2026-04-21T00:00:00,44.0,0-2-3-1-4-5
6,n6_i02,5,aco,feasible,15.241983600400475,0.6701945869990595,0.01092529296875,0.0,True,False,2026-04-21T00:00:00,55.0,0-2-3-1-4-5
6,n6_i03,1,branch_and_bound,optimal,11.517397020298525,0.01403253300122742,0.00107574462890625,,True,False,2026-04-21T00:00:00,,0-5-4-1-3-2
6,n6_i03,1,ilp,optimal,11.517397020298526,0.05952573200011102,0.13716888427734375,,True,False,2026-04-21T00:00:00,,0-2-3-1-4-5
6,n6_i03,1,aco,feasible,11.517397020298525,0.6556517399985751,0.01033782958984375,-1.542324916185105e-14,True,False,2026-04-21T00:00:00,11.0,0-5-4-1-3-2
6,n6_i03,2,aco,feasible,11.517397020298525,0.6632533979991422,0.01007080078125,-1.542324916185105e-14,True,False,2026-04-21T00:00:00,22.0,0-5-4-1-3-2
6,n6_i03,3,aco,feasible,11.517397020298525,0.6702298820000578,0.00991058349609375,-1.542324916185105e-14,True,False,2026-04-21T00:00:00,33.0,0-5-4-1-3-2
6,n6_i03,4,aco,feasible,11.517397020298525,0.6787104340000951,0.009857177734375,-1.542324916185105e-14,True,False,2026-04-21T00:00:00,44.0,0-5-4-1-3-2
6,n6_i03,5,aco,feasible,11.517397020298525,0.6667570110002998,0.009857177734375,-1.542324916185105e-14,True,False,2026-04-21T00:00:00,55.0,0-5-4-1-3-2
6,n6_i04,1,branch_and_bound,optimal,16.837155770789842,0.011342227000568528,0.00096893310546875,,True,False,2026-04-21T00:00:00,,0-2-1-4-3-5
6,n6_i04,1,ilp,optimal,16.837155770789842,0.057042865999392234,0.13569068908691406,,True,False,2026-04-21T00:00:00,,0-5-3-4-1-2
6,n6_i04,1,aco,feasible,16.837155770789842,0.6661524579994875,0.009857177734375,0.0,True,False,2026-04-21T00:00:00,11.0,0-2-1-4-3-5
6,n6_i04,2,aco,feasible,16.837155770789842,0.6622424020006292,0.009857177734375,0.0,True,False,2026-04-21T00:00:00,22.0,0-5-3-4-1-2
6,n6_i04,3,aco,feasible,16.837155770789842,0.6621332009999605,0.009857177734375,0.0,True,False,2026-04-21T00:00:00,33.0,0-5-3-4-1-2
6,n6_i04,4,aco,feasible,16.837155770789842,0.6662016089994722,0.009857177734375,0.0,True,False,2026-04-21T00:00:00,44.0,0-5-3-4-1-2
6,n6_i04,5,aco,feasible,16.837155770789842,0.6647124019982584,0.009857177734375,0.0,True,False,2026-04-21T00:00:00,55.0,0-5-3-4-1-2
6,n6_i05,1,branch_and_bound,optimal,104.26494984925519,0.016011772999263485,0.00096893310546875,,True,False,2026-04-21T00:00:00,,0-1-5-4-2-3
6,n6_i05,1,ilp,optimal,104.2649498492552,0.06381435399998736,0.13457012176513672,,True,False,2026-04-21T00:00:00,,0-3-2-4-5-1
6,n6_i05,1,aco,feasible,108.41774979928186,0.6645159769996098,0.00980377197265625,3.9829299836912804,True,False,2026-04-21T00:00:00,11.0,0-1-5-3-2-4
6,n6_i05,2,aco,feasible,108.41774979928186,0.6360957849992701,0.009857177734375,3.9829299836912804,True,False,2026-04-21T00:00:00,22.0,0-1-5-3-2-4
6,n6_i05,3,aco,feasible,108.41774979928186,0.6662989519991243,0.009857177734375,3.9829299836912804,True,False,2026-04-21T00:00:00,33.0,0-1-5-3-2-4
6,n6_i05,4,aco,feasible,104.26494984925519,0.6584781869987637,0.009857177734375,-1.3629560783127846e-14,True,False,2026-04-21T00:00:00,44.0,0-1-5-4-2-3
6,n6_i05,5,aco,feasible,105.38796460351813,0.654393541999525,0.009857177734375,1.077077921090994,True,False,2026-04-21T00:00:00,55.0,0-1-5-4-3-2
8,n8_i01,1,branch_and_bound,optimal,15.516020109334569,0.0708020519996353,0.00095367431640625,,True,False,2026-04-21T00:00:00,,0-1-2-4-6-5-3-7
8,n8_i01,1,ilp,optimal,15.516020109334569,0.12700691899954109,0.2212533950805664,,True,False,2026-04-21T00:00:00,,0-1-2-4-6-5-3-7
8,n8_i01,1,aco,feasible,15.516020109334569,1.047012167999128,0.0103759765625,0.0,True,False,2026-04-21T00:00:00,11.0,0-1-2-4-6-5-3-7
8,n8_i01,2,aco,feasible,15.516020109334569,1.025760361999346,0.0103759765625,0.0,True,False,2026-04-21T00:00:00,22.0,0-1-2-4-6-5-3-7
8,n8_i01,3,aco,feasible,15.516020109334569,1.0785339960002602,0.0103759765625,0.0,True,False,2026-04-21T00:00:00,33.0,0-7-3-5-6-4-2-1
8,n8_i01,4,aco,feasible,15.516020109334569,1.0374875359993894,0.0103759765625,0.0,True,False,2026-04-21T00:00:00,44.0,0-7-3-5-6-4-2-1
8,n8_i01,5,aco,feasible,15.516020109334569,1.039402380998581,0.0103759765625,0.0,True,False,2026-04-21T00:00:00,55.0,0-1-2-4-6-5-3-7
8,n8_i02,1,branch_and_bound,optimal,14.39025920636312,0.07183715000064694,0.00095367431640625,,True,False,2026-04-21T00:00:00,,0-6-5-2-7-3-4-1
8,n8_i02,1,ilp,optimal,14.39025920636312,0.18374195800060988,0.22110843658447266,,True,False,2026-04-21T00:00:00,,0-6-5-2-7-3-4-1
8,n8_i02,1,aco,feasible,14.39025920636312,1.0693286160003481,0.0103759765625,0.0,True,False,2026-04-21T00:00:00,11.0,0-6-5-2-7-3-4-1
8,n8_i02,2,aco,feasible,14.39025920636312,1.0763730740000028,0.0103759765625,0.0,True,False,2026-04-21T00:00:00,22.0,0-6-5-2-7-3-4-1
8,n8_i02,3,aco,feasible,14.39025920636312,1.0232827750005526,0.0103759765625,0.0,True,False,2026-04-21T00:00:00,33.0,0-6-5-2-7-3-4-1
8,n8_i02,4,aco,feasible,14.39025920636312,1.0206397940000898,0.0103759765625,0.0,True,False,2026-04-21T00:00:00,44.0,0-6-5-2-7-3-4-1
8,n8_i02,5,aco,feasible,14.39025920636312,1.0191994619999605,0.0103759765625,0.0,True,False,2026-04-21T00:00:00,55.0,0-6-5-2-7-3-4-1
8,n8_i03,1,branch_and_bound,optimal,18.78052871864832,0.0672545090001222,0.00095367431640625,,True,False,2026-04-21T00:00:00,,0-2-3-6-7-5-1-4
8,n8_i03,1,ilp,optimal,18.780528718648323,0.15076584399866988,0.22130680084228516,,True,False,2026-04-21T00:00:00,,0-4-1-5-7-6-3-2
8,n8_i03,1,aco,feasible,18.78052871864832,1.0218468249986472,0.0103759765625,-1.891700564996765e-14,True,False,2026-04-21T00:00:00,11.0,0-2-3-6-7-5-1-4
8,n8_i03,2,aco,feasible,18.78052871864832,1.0382250160000694,0.0103759765625,-1.891700564996765e-14,True,False,2026-04-21T00:00:00,22.0,0-2-3-6-7-5-1-4
8,n8_i03,3,aco,feasible,18.823213413581044,1.0158768269993743,0.0103759765625,0.2272816467107043,True,False,2026-04-21T00:00:00,33.0,0-2-3-6-5-7-1-4
8,n8_i03,4,aco,feasible,18.78052871864832,1.1252139410007658,0.0103759765625,-1.891700564996765e-14,True,False,2026-04-21T00:00:00,44.0,0-2-3-6-7-5-1-4
8,n8_i03,5,aco,feasible,18.78052871864832,1.0346571280006174,0.0103759765625,-1.891700564996765e-14,True,False,2026-04-21T00:00:00,55.0,0-2-3-6-7-5-1-4
8,n8_i04,1,branch_and_bound,optimal,15.948658086103976,0.07491999899866641,0.00095367431640625,,True,False,2026-04-21T00:00:00,,0-2-1-7-3-5-4-6
8,n8_i04,1,ilp,optimal,15.948658086103976,0.11903423500007193,0.22130966186523438,,True,False,2026-04-21T00:00:00,,0-2-1-7-3-5-4-6
8,n8_i04,1,aco,feasible,15.948658086103976,1.040425918999972,0.0103759765625,0.0,True,False,2026-04-21T00:00:00,11.0,0-2-1-7-3-5-4-6
8,n8_i04,2,aco,feasible,15.948658086103976,1.0305231619986444,0.0103759765625,0.0,True,False,2026-04-21T00:00:00,22.0,0-2-1-7-3-5-4-6
8,n8_i04,3,aco,feasible,15.948658086103976,1.0155483910002658,0.0103759765625,0.0,True,False,2026-04-21T00:00:00,33.0,0-2-1-7-3-5-4-6
8,n8_i04,4,aco,feasible,15.948658086103976,1.0561892759997136,0.0103759765625,0.0,True,False,2026-04-21T00:00:00,44.0,0-6-4-5-3-7-1-2
8,n8_i04,5,aco,feasible,15.948658086103976,1.0285768119993008,0.0103759765625,0.0,True,False,2026-04-21T00:00:00,55.0,0-2-1-7-3-5-4-6
8,n8_i05,1,branch_and_bound,optimal,12.869238141249534,0.07661402499979886,0.00095367431640625,,True,False,2026-04-21T00:00:00,,0-2-1-4-5-6-7-3
8,n8_i05,1,ilp,optimal,12.869238141249536,0.3084063480000623,0.22116470336914062,,True,False,2026-04-21T00:00:00,,0-3-7-6-5-4-1-2
8,n8_i05,1,aco,feasible,12.869238141249536,1.0402895570005057,0.0103759765625,0.0,True,False,2026-04-21T00:00:00,11.0,0-3-7-6-5-4-1-2
8,n8_i05,2,aco,feasible,12.869238141249534,1.051752198000031,0.0103759765625,-1.3803123540829709e-14,True,False,2026-04-21T00:00:00,22.0,0-2-1-4-5-6-7-3
8,n8_i05,3,aco,feasible,12.869238141249534,1.045810416000677,0.0103759765625,-1.3803123540829709e-14,True,False,2026-04-21T00:00:00,33.0,0-2-1-4-5-6-7-3
8,n8_i05,4,aco,feasible,12.884785354849498,1.0807268629996543,0.0103759765625,0.12080912194894552,True,False,2026-04-21T00:00:00,44.0,0-4-2-1-5-6-7-3
8,n8_i05,5,aco,feasible,12.884785354849498,1.0347966959998303,0.0103759765625,0.12080912194894552,True,False,2026-04-21T00:00:00,55.0,0-4-2-1-5-6-7-3
10,n10_i01,1,branch_and_bound,optimal,20.660163508566043,3.431719629001236,0.00099945068359375,,True,False,2026-04-21T00:00:00,,0-5-2-4-6-8-1-3-9-7
10,n10_i01,1,ilp,optimal,20.660163508566047,0.13523303600049985,0.3312702178955078,,True,False,2026-04-21T00:00:00,,0-7-9-3-1-8-6-4-2-5
10,n10_i01,1,aco,feasible,20.660163508566043,1.6013588440000603,0.0128326416015625,-1.7195961093567758e-14,True,False,2026-04-21T00:00:00,11.0,0-5-2-4-6-8-1-3-9-7
10,n10_i01,2,aco,feasible,20.660163508566043,1.4859580780012038,0.0128326416015625,-1.7195961093567758e-14,True,False,2026-04-21T00:00:00,22.0,0-5-2-4-6-8-1-3-9-7
10,n10_i01,3,aco,feasible,20.660163508566043,1.5103587390003668,0.0128326416015625,-1.7195961093567758e-14,True,False,2026-04-21T00:00:00,33.0,0-5-2-4-6-8-1-3-9-7
10,n10_i01,4,aco,feasible,20.660163508566043,1.4930858000006992,0.0128326416015625,-1.7195961093567758e-14,True,False,2026-04-21T00:00:00,44.0,0-5-2-4-6-8-1-3-9-7
10,n10_i01,5,aco,feasible,20.660163508566043,1.5841598249990057,0.0128326416015625,-1.7195961093567758e-14,True,False,2026-04-21T00:00:00,55.0,0-5-2-4-6-8-1-3-9-7
10,n10_i02,1,branch_and_bound,optimal,22.148994816887143,3.506527683000968,0.00099945068359375,,True,False,2026-04-21T00:00:00,,0-3-5-9-7-1-6-4-8-2
10,n10_i02,1,ilp,optimal,22.148994816887146,0.1570536550007091,0.3312997817993164,,True,False,2026-04-21T00:00:00,,0-2-8-4-6-1-7-9-5-3
10,n10_i02,1,aco,feasible,22.148994816887143,1.5302482539991615,0.0128326416015625,-1.6040067317600305e-14,True,False,2026-04-21T00:00:00,11.0,0-3-5-9-7-1-6-4-8-2
10,n10_i02,2,aco,feasible,22.148994816887143,1.5264166140004818,0.0128326416015625,-1.6040067317600305e-14,True,False,2026-04-21T00:00:00,22.0,0-3-5-9-7-1-6-4-8-2
10,n10_i02,3,aco,feasible,22.148994816887143,1.5046413820000453,0.0128326416015625,-1.6040067317600305e-14,True,False,2026-04-21T00:00:00,33.0,0-3-5-9-7-1-6-4-8-2
10,n10_i02,4,aco,feasible,22.148994816887143,1.5007330170010391,0.0128326416015625,-1.6040067317600305e-14,True,False,2026-04-21T00:00:00,44.0,0-3-5-9-7-1-6-4-8-2
10,n10_i02,5,aco,feasible,22.148994816887143,1.5134642709999753,0.0128326416015625,-1.6040067317600305e-14,True,False,2026-04-21T00:00:00,55.0,0-3-5-9-7-1-6-4-8-2
10,n10_i03,1,branch_and_bound,optimal,15.31215917835004,3.264236331000575,0.00099945068359375,,True,False,2026-04-21T00:00:00,,0-1-7-6-3-9-2-5-8-4
10,n10_i03,1,ilp,optimal,15.31215917835004,0.8025958019989048,0.33120059967041016,,True,False,2026-04-21T00:00:00,,0-1-7-6-3-9-2-5-8-4
10,n10_i03,1,aco,feasible,15.31215917835004,1.4670682159994612,0.0128326416015625,0.0,True,False,2026-04-21T00:00:00,11.0,0-1-7-6-3-9-2-5-8-4
10,n10_i03,2,aco,feasible,15.31215917835004,1.4678313799995522,0.0128326416015625,0.0,True,False,2026-04-21T00:00:00,22.0,0-4-8-5-2-9-3-6-7-1
10,n10_i03,3,aco,feasible,15.31215917835004,1.4821891539995704,0.0128326416015625,0.0,True,False,2026-04-21T00:00:00,33.0,0-4-8-5-2-9-3-6-7-1
10,n10_i03,4,aco,feasible,15.31215917835004,1.507418533999953,0.0128326416015625,0.0,True,False,2026-04-21T00:00:00,44.0,0-4-8-5-2-9-3-6-7-1
10,n10_i03,5,aco,feasible,15.31215917835004,1.4849964950008143,0.0128326416015625,0.0,True,False,2026-04-21T00:00:00,55.0,0-4-8-5-2-9-3-6-7-1
10,n10_i04,1,branch_and_bound,optimal,16.963235490792513,3.471321741999418,0.00099945068359375,,True,False,2026-04-21T00:00:00,,0-3-9-5-8-4-6-1-2-7
10,n10_i04,1,ilp,optimal,16.963235490792513,0.28872336499989615,0.3312969207763672,,True,False,2026-04-21T00:00:00,,0-3-9-5-8-4-6-1-2-7
10,n10_i04,1,aco,feasible,16.963235490792513,1.5396087230001285,0.0128326416015625,0.0,True,False,2026-04-21T00:00:00,11.0,0-7-2-1-6-4-8-5-9-3
10,n10_i04,2,aco,feasible,16.963235490792513,1.6291110450001725,0.01277923583984375,0.0,True,False,2026-04-21T00:00:00,22.0,0-7-2-1-6-4-8-5-9-3
10,n10_i04,3,aco,feasible,16.963235490792513,1.4795444179999322,0.0128326416015625,0.0,True,False,2026-04-21T00:00:00,33.0,0-7-2-1-6-4-8-5-9-3
10,n10_i04,4,aco,feasible,16.963235490792513,1.4847398370002338,0.0128326416015625,0.0,True,False,2026-04-21T00:00:00,44.0,0-7-2-1-6-4-8-5-9-3
10,n10_i04,5,aco,feasible,16.963235490792513,1.547062071000255,0.0128326416015625,0.0,True,False,2026-04-21T00:00:00,55.0,0-7-2-1-6-4-8-5-9-3
10,n10_i05,1,branch_and_bound,optimal,18.099119616067643,3.373821372999373,0.00099945068359375,,True,False,2026-04-21T00:00:00,,0-6-7-4-3-9-1-8-2-5
10,n10_i05,1,ilp,optimal,18.099119616067647,0.20646882300025027,0.33191776275634766,,True,False,2026-04-21T00:00:00,,0-5-2-8-1-9-3-4-7-6
10,n10_i05,1,aco,feasible,18.099119616067643,1.4863011100005679,0.0128326416015625,-1.962920713362516e-14,True,False,2026-04-21T00:00:00,11.0,0-6-7-4-3-9-1-8-2-5
10,n10_i05,2,aco,feasible,18.099119616067643,1.491462234998835,0.0128326416015625,-1.962920713362516e-14,True,False,2026-04-21T00:00:00,22.0,0-6-7-4-3-9-1-8-2-5
10,n10_i05,3,aco,feasible,18.099119616067643,1.4992101110001386,0.0128326416015625,-1.962920713362516e-14,True,False,2026-04-21T00:00:00,33.0,0-6-7-4-3-9-1-8-2-5
10,n10_i05,4,aco,feasible,18.099119616067643,1.5253703359994688,0.0128326416015625,-1.962920713362516e-14,True,False,2026-04-21T00:00:00,44.0,0-6-7-4-3-9-1-8-2-5
10,n10_i05,5,aco,feasible,18.099119616067643,1.6245993209995504,0.0128326416015625,-1.962920713362516e-14,True,False,2026-04-21T00:00:00,55.0,0-6-7-4-3-9-1-8-2-5
12,n12_i01,1,ilp,optimal,18.899359388473933,0.28666141699977743,0.4563026428222656,,,,2026-04-21T00:00:00,,399|98811|19593|3279|51049|37099|34257|23290|18435|86483|16396|92398,0-9-6-5-8-4-3-1-7-11-2-10
12,n12_i01,1,aco,feasible,18.899359388473933,1.9751031520008837,0.01718902587890625,0.0,,,2026-04-21T00:00:00,11.0,399|98811|19593|3279|51049|37099|34257|23290|18435|86483|16396|92398,0-10-2-11-7-1-3-4-8-5-6-9
12,n12_i01,2,aco,feasible,18.899359388473933,1.9923805290000018,0.01697540283203125,0.0,,,2026-04-21T00:00:00,22.0,399|98811|19593|3279|51049|37099|34257|23290|18435|86483|16396|92398,0-9-6-5-8-4-3-1-7-11-2-10
12,n12_i01,3,aco,feasible,18.899359388473933,1.9591767319998326,0.01676177978515625,0.0,,,2026-04-21T00:00:00,33.0,399|98811|19593|3279|51049|37099|34257|23290|18435|86483|16396|92398,0-10-2-11-7-1-3-4-8-5-6-9
12,n12_i01,4,aco,feasible,18.899359388473933,2.0299278819984465,0.01654815673828125,0.0,,,2026-04-21T00:00:00,44.0,399|98811|19593|3279|51049|37099|34257|23290|18435|86483|16396|92398,0-10-2-11-7-1-3-4-8-5-6-9
12,n12_i01,5,aco,feasible,18.899359388473933,2.003778828000577,0.01633453369140625,0.0,,,2026-04-21T00:00:00,55.0,399|98811|19593|3279|51049|37099|34257|23290|18435|86483|16396|92398,0-10-2-11-7-1-3-4-8-5-6-9
12,n12_i02,1,ilp,optimal,19.34628922708933,0.293169015998501,0.45931434631347656,,,,2026-04-21T00:00:00,,399|70303|4166|3906|17281|33658|35496|81238|93908|3479|88564|31063,0-7-8-5-1-11-6-2-10-3-4-9
12,n12_i02,1,aco,feasible,19.346289227089322,2.100054677001026,0.015960693359375,-3.6727598115569065e-14,,,2026-04-21T00:00:00,11.0,399|70303|4166|3906|17281|33658|35496|81238|93908|3479|88564|31063,0-9-4-3-10-2-6-11-1-5-8-7
12,n12_i02,2,aco,feasible,19.346289227089322,2.0039032450004015,0.0157470703125,-3.6727598115569065e-14,,,2026-04-21T00:00:00,22.0,399|70303|4166|3906|17281|33658|35496|81238|93908|3479|88564|31063,0-9-4-3-10-2-6-11-1-5-8-7
12,n12_i02,3,aco,feasible,19.346289227089322,1.9840151909993438,0.015533447265625,-3.6727598115569065e-14,,,2026-04-21T00:00:00,33.0,399|70303|4166|3906|17281|33658|35496|81238|93908|3479|88564|31063,0-9-4-3-10-2-6-11-1-5-8-7
12,n12_i02,4,aco,feasible,19.346289227089322,1.9729669070002274,0.01531982421875,-3.6727598115569065e-14,,,2026-04-21T00:00:00,44.0,399|70303|4166|3906|17281|33658|35496|81238|93908|3479|88564|31063,0-9-4-3-10-2-6-11-1-5-8-7
12,n12_i02,5,aco,feasible,19.346289227089322,2.0284103989997675,0.015106201171875,-3.6727598115569065e-14,,,2026-04-21T00:00:00,55.0,399|70303|4166|3906|17281|33658|35496|81238|93908|3479|88564|31063,0-9-4-3-10-2-6-11-1-5-8-7
12,n12_i03,1,ilp,optimal,110.17709237030263,0.28418452000005345,0.4566822052001953,,,,2026-04-21T00:00:00,,399|86427|69988|33894|73879|92237|51464|852|25927|70393|59598|51422,0-11-5-4-7-1-9-2-3-10-6-8
12,n12_i03,1,aco,feasible,113.44810688872164,1.9848933609991946,0.01473236083984375,2.9688698876035002,,,2026-04-21T00:00:00,11.0,399|86427|69988|33894|73879|92237|51464|852|25927|70393|59598|51422,0-11-5-4-7-1-9-8-6-10-3-2
12,n12_i03,2,aco,feasible,113.44810688872164,1.991954393000924,0.01451873779296875,2.9688698876035002,,,2026-04-21T00:00:00,22.0,399|86427|69988|33894|73879|92237|51464|852|25927|70393|59598|51422,0-11-5-4-7-1-9-8-6-10-3-2
12,n12_i03,3,aco,feasible,113.44810688872164,2.025826479999523,0.01430511474609375,2.9688698876035002,,,2026-04-21T00:00:00,33.0,399|86427|69988|33894|73879|92237|51464|852|25927|70393|59598|51422,0-11-5-4-7-1-9-8-6-10-3-2
12,n12_i03,4,aco,feasible,111.30874170841506,2.060333992998494,0.01409149169921875,1.0271185359557118,,,2026-04-21T00:00:00,44.0,399|86427|69988|33894|73879|92237|51464|852|25927|70393|59598|51422,0-11-4-5-7-1-9-2-8-6-10-3
12,n12_i03,5,aco,feasible,113.44810688872164,2.1239560519989027,0.01387786865234375,2.9688698876035002,,,2026-04-21T00:00:00,55.0,399|86427|69988|33894|73879|92237|51464|852|25927|70393|59598|51422,0-11-5-4-7-1-9-8-6-10-3-2
12,n12_i04,1,ilp,optimal,21.225003018585195,0.15172971100037103,0.4552040100097656,,,,2026-04-21T00:00:00,,399|25380|33222|59119|18397|17157|64798|17677|62053|60083|94132|39672,0-2-8-6-1-9-4-5-11-7-10-3
12,n12_i04,1,aco,feasible,21.225003018585195,2.037620794000759,0.01361083984375,0.0,,,2026-04-21T00:00:00,11.0,399|25380|33222|59119|18397|17157|64798|17677|62053|60083|94132|39672,0-2-8-6-1-9-4-5-11-7-10-3
12,n12_i04,2,aco,feasible,21.225003018585195,2.017312949999905,0.01361083984375,0.0,,,2026-04-21T00:00:00,22.0,399|25380|33222|59119|18397|17157|64798|17677|62053|60083|94132|39672,0-2-8-6-1-9-4-5-11-7-10-3
12,n12_i04,3,aco,feasible,21.225003018585195,2.1257232150001073,0.01361083984375,0.0,,,2026-04-21T00:00:00,33.0,399|25380|33222|59119|18397|17157|64798|17677|62053|60083|94132|39672,0-2-8-6-1-9-4-5-11-7-10-3
12,n12_i04,4,aco,feasible,21.225003018585195,2.0910975330007204,0.01361083984375,0.0,,,2026-04-21T00:00:00,44.0,399|25380|33222|59119|18397|17157|64798|17677|62053|60083|94132|39672,0-2-8-6-1-9-4-5-11-7-10-3
12,n12_i04,5,aco,feasible,21.225003018585195,1.959965681999165,0.01361083984375,0.0,,,2026-04-21T00:00:00,55.0,399|25380|33222|59119|18397|17157|64798|17677|62053|60083|94132|39672,0-2-8-6-1-9-4-5-11-7-10-3
12,n12_i05,1,ilp,optimal,16.713481532964863,1.1987821129987424,0.45494651794433594,,,,2026-04-21T00:00:00,,399|10696|75218|85285|21362|64616|15329|87358|53428|97398|96071|62401,0-4-10-11-1-3-9-5-7-6-2-8
12,n12_i05,1,aco,feasible,16.71348153296486,2.0077921590000187,0.01361083984375,-2.1256574650788945e-14,,,2026-04-21T00:00:00,11.0,399|10696|75218|85285|21362|64616|15329|87358|53428|97398|96071|62401,0-8-2-6-7-5-9-3-1-11-10-4
12,n12_i05,2,aco,feasible,16.71348153296486,1.9957900589997735,0.01361083984375,-2.1256574650788945e-14,,,2026-04-21T00:00:00,22.0,399|10696|75218|85285|21362|64616|15329|87358|53428|97398|96071|62401,0-8-2-6-7-5-9-3-1-11-10-4
12,n12_i05,3,aco,feasible,16.71348153296486,2.0190291159997287,0.01361083984375,-2.1256574650788945e-14,,,2026-04-21T00:00:00,33.0,399|10696|75218|85285|21362|64616|15329|87358|53428|97398|96071|62401,0-8-2-6-7-5-9-3-1-11-10-4
12,n12_i05,4,aco,feasible,16.71348153296486,2.0171047350013396,0.01361083984375,-2.1256574650788945e-14,,,2026-04-21T00:00:00,44.0,399|10696|75218|85285|21362|64616|15329|87358|53428|97398|96071|62401,0-8-2-6-7-5-9-3-1-11-10-4
12,n12_i05,5,aco,feasible,17.01217877973764,2.022396871001547,0.01361083984375,1.7871635313303174,,,2026-04-21T00:00:00,55.0,399|10696|75218|85285|21362|64616|15329|87358|53428|97398|96071|62401,0-4-10-11-3-1-9-5-7-6-2-8
14,n14_i01,1,ilp,optimal,20.156840822099163,0.3975691910000023,0.6290426254272461,,,,2026-04-21T00:00:00,,399|90675|30204|14117|11007|34872|52931|15459|35513|18239|64824|51435|74430|98321,0-3-12-2-8-6-13-11-1-5-9-7-10-4
14,n14_i01,1,aco,feasible,20.156840822099163,2.585065109000425,0.0144805908203125,0.0,,,2026-04-21T00:00:00,11.0,399|90675|30204|14117|11007|34872|52931|15459|35513|18239|64824|51435|74430|98321,0-4-10-7-9-5-1-11-13-6-8-2-12-3
14,n14_i01,2,aco,feasible,20.156840822099163,2.5874501620000956,0.0144805908203125,0.0,,,2026-04-21T00:00:00,22.0,399|90675|30204|14117|11007|34872|52931|15459|35513|18239|64824|51435|74430|98321,0-4-10-7-9-5-1-11-13-6-8-2-12-3
14,n14_i01,3,aco,feasible,20.156840822099163,2.589649265999469,0.0144805908203125,0.0,,,2026-04-21T00:00:00,33.0,399|90675|30204|14117|11007|34872|52931|15459|35513|18239|64824|51435|74430|98321,0-3-12-2-8-6-13-11-1-5-9-7-10-4
14,n14_i01,4,aco,feasible,20.156840822099163,2.5888071919998765,0.0144805908203125,0.0,,,2026-04-21T00:00:00,44.0,399|90675|30204|14117|11007|34872|52931|15459|35513|18239|64824|51435|74430|98321,0-4-10-7-9-5-1-11-13-6-8-2-12-3
14,n14_i01,5,aco,feasible,20.156840822099163,2.6424137379999593,0.0144805908203125,0.0,,,2026-04-21T00:00:00,55.0,399|90675|30204|14117|11007|34872|52931|15459|35513|18239|64824|51435|74430|98321,0-3-12-2-8-6-13-11-1-5-9-7-10-4
14,n14_i02,1,ilp,optimal,26.368742702850117,0.5862302260011347,0.6296596527099609,,,,2026-04-21T00:00:00,,399|62820|26320|63521|61567|32461|39994|99940|14359|94841|98228|27432|85011|37088,0-11-3-9-13-5-7-2-12-8-10-6-1-4
14,n14_i02,1,aco,feasible,26.862908782106526,2.5847838390000106,0.0144805908203125,1.8740600749348448,,,2026-04-21T00:00:00,11.0,399|62820|26320|63521|61567|32461|39994|99940|14359|94841|98228|27432|85011|37088,0-11-3-9-13-5-2-7-12-8-10-6-1-4
14,n14_i02,2,aco,feasible,27.249961453032398,2.594274040999153,0.0144805908203125,3.341906590362509,,,2026-04-21T00:00:00,22.0,399|62820|26320|63521|61567|32461|39994|99940|14359|94841|98228|27432|85011|37088,0-10-6-1-4-11-3-9-13-5-7-2-12-8
14,n14_i02,3,aco,feasible,26.65156473598785,2.6088993279990973,0.0144805908203125,1.0725654852977287,,,2026-04-21T00:00:00,33.0,399|62820|26320|63521|61567|32461|39994|99940|14359|94841|98228|27432|85011|37088,0-3-9-13-5-7-2-12-8-10-6-1-4-11
14,n14_i02,4,aco,feasible,27.249961453032398,2.7135697120011173,0.0144805908203125,3.341906590362509,,,2026-04-21T00:00:00,44.0,399|62820|26320|63521|61567|32461|39994|99940|14359|94841|98228|27432|85011|37088,0-10-6-1-4-11-3-9-13-5-7-2-12-8
14,n14_i02,5,aco,feasible,27.41478539622728,2.6496944179998536,0.0144805908203125,3.9669797880203825,,,2026-04-21T00:00:00,55.0,399|62820|26320|63521|61567|32461|39994|99940|14359|94841|98228|27432|85011|37088,0-9-3-11-4-1-6-10-8-12-7-2-5-13
14,n14_i03,1,ilp,optimal,19.07591232361782,0.5269847670006129,0.630070686340332,,,,2026-04-21T00:00:00,,399|26418|75590|64736|50383|98887|88001|33786|57505|12332|35022|4208|56348|67582,0-4-9-11-3-10-6-2-5-1-12-7-8-13
14,n14_i03,1,aco,feasible,19.07591232361782,2.6612602040004276,0.0144805908203125,0.0,,,2026-04-21T00:00:00,11.0,399|26418|75590|64736|50383|98887|88001|33786|57505|12332|35022|4208|56348|67582,0-4-9-11-3-10-6-2-5-1-12-7-8-13
14,n14_i03,2,aco,feasible,19.07591232361782,2.604451284998504,0.0144805908203125,0.0,,,2026-04-21T00:00:00,22.0,399|26418|75590|64736|50383|98887|88001|33786|57505|12332|35022|4208|56348|67582,0-13-8-7-12-1-5-2-6-10-3-11-9-4
14,n14_i03,3,aco,feasible,19.07591232361782,2.5806329309998546,0.0144805908203125,0.0,,,2026-04-21T00:00:00,33.0,399|26418|75590|64736|50383|98887|88001|33786|57505|12332|35022|4208|56348|67582,0-13-8-7-12-1-5-2-6-10-3-11-9-4
14,n14_i03,4,aco,feasible,19.07591232361782,2.640746183000374,0.0144805908203125,0.0,,,2026-04-21T00:00:00,44.0,399|26418|75590|64736|50383|98887|88001|33786|57505|12332|35022|4208|56348|67582,0-13-8-7-12-1-5-2-6-10-3-11-9-4
14,n14_i03,5,aco,feasible,19.07591232361782,2.6126470809995226,0.0144805908203125,0.0,,,2026-04-21T00:00:00,55.0,399|26418|75590|64736|50383|98887|88001|33786|57505|12332|35022|4208|56348|67582,0-13-8-7-12-1-5-2-6-10-3-11-9-4
14,n14_i04,1,ilp,optimal,19.575904296701417,0.28810996300126135,0.6305675506591797,,,,2026-04-21T00:00:00,,399|50094|13676|32654|89342|56246|32870|80436|66857|99260|75143|23727|39719|23302,0-7-2-8-12-9-6-5-1-11-3-13-10-4
14,n14_i04,1,aco,feasible,19.575904296701413,2.5623829060004937,0.0144805908203125,-1.8148401345623358e-14,,,2026-04-21T00:00:00,11.0,399|50094|13676|32654|89342|56246|32870|80436|66857|99260|75143|23727|39719|23302,0-4-10-13-3-11-1-5-6-9-12-8-2-7
14,n14_i04,2,aco,feasible,19.575904296701413,2.575227844999972,0.0144805908203125,-1.8148401345623358e-14,,,2026-04-21T00:00:00,22.0,399|50094|13676|32654|89342|56246|32870|80436|66857|99260|75143|23727|39719|23302,0-4-10-13-3-11-1-5-6-9-12-8-2-7
14,n14_i04,3,aco,feasible,19.575904296701413,2.5488261040009093,0.0144805908203125,-1.8148401345623358e-14,,,2026-04-21T00:00:00,33.0,399|50094|13676|32654|89342|56246|32870|80436|66857|99260|75143|23727|39719|23302,0-4-10-13-3-11-1-5-6-9-12-8-2-7
14,n14_i04,4,aco,feasible,19.575904296701413,2.5652780559994426,0.0144805908203125,-1.8148401345623358e-14,,,2026-04-21T00:00:00,44.0,399|50094|13676|32654|89342|56246|32870|80436|66857|99260|75143|23727|39719|23302,0-4-10-13-3-11-1-5-6-9-12-8-2-7
14,n14_i04,5,aco,feasible,19.575904296701413,2.5574494150005194,0.0144805908203125,-1.8148401345623358e-14,,,2026-04-21T00:00:00,55.0,399|50094|13676|32654|89342|56246|32870|80436|66857|99260|75143|23727|39719|23302,0-4-10-13-3-11-1-5-6-9-12-8-2-7
14,n14_i05,1,ilp,optimal,20.973823433260318,1.0565711419985746,0.6312456130981445,,,,2026-04-21T00:00:00,,399|37326|88580|85645|39439|91623|71156|91485|67351|62448|33747|23132|81785|79687,0-2-1-8-5-12-7-10-3-4-11-6-9-13
14,n14_i05,1,aco,feasible,20.973823433260318,2.5637598920002347,0.0144805908203125,0.0,,,2026-04-21T00:00:00,11.0,399|37326|88580|85645|39439|91623|71156|91485|67351|62448|33747|23132|81785|79687,0-2-1-8-5-12-7-10-3-4-11-6-9-13
14,n14_i05,2,aco,feasible,20.973823433260318,2.5593696759988234,0.0144805908203125,0.0,,,2026-04-21T00:00:00,22.0,399|37326|88580|85645|39439|91623|71156|91485|67351|62448|33747|23132|81785|79687,0-2-1-8-5-12-7-10-3-4-11-6-9-13
14,n14_i05,3,aco,feasible,20.973823433260318,2.60958175199994,0.0144805908203125,0.0,,,2026-04-21T00:00:00,33.0,399|37326|88580|85645|39439|91623|71156|91485|67351|62448|33747|23132|81785|79687,0-2-1-8-5-12-7-10-3-4-11-6-9-13
14,n14_i05,4,aco,feasible,20.973823433260318,2.5940679220002494,0.0144805908203125,0.0,,,2026-04-21T00:00:00,44.0,399|37326|88580|85645|39439|91623|71156|91485|67351|62448|33747|23132|81785|79687,0-2-1-8-5-12-7-10-3-4-11-6-9-13
14,n14_i05,5,aco,feasible,21.11988084639463,2.6016990180014545,0.0144805908203125,0.6963795304135797,,,2026-04-21T00:00:00,55.0,399|37326|88580|85645|39439|91623|71156|91485|67351|62448|33747|23132|81785|79687,0-2-1-13-9-6-11-4-3-10-7-12-5-8
16,n16_i01,1,ilp,optimal,19.739698102209697,2.0630630609994114,0.7980928421020508,,,,2026-04-21T00:00:00,,399|16916|11176|19372|25034|97241|25970|70334|93173|13327|65433|65020|93105|76349|84353|37954,0-6-14-11-1-10-15-4-8-5-7-2-9-13-3-12
16,n16_i01,1,aco,feasible,19.739698102209697,3.245175427000504,0.015472412109375,0.0,,,2026-04-21T00:00:00,11.0,399|16916|11176|19372|25034|97241|25970|70334|93173|13327|65433|65020|93105|76349|84353|37954,0-6-14-11-1-10-15-4-8-5-7-2-9-13-3-12
16,n16_i01,2,aco,feasible,19.739698102209697,3.2445434109995404,0.015472412109375,0.0,,,2026-04-21T00:00:00,22.0,399|16916|11176|19372|25034|97241|25970|70334|93173|13327|65433|65020|93105|76349|84353|37954,0-6-14-11-1-10-15-4-8-5-7-2-9-13-3-12
16,n16_i01,3,aco,feasible,19.739698102209697,3.3368013500003144,0.015472412109375,0.0,,,2026-04-21T00:00:00,33.0,399|16916|11176|19372|25034|97241|25970|70334|93173|13327|65433|65020|93105|76349|84353|37954,0-12-3-13-9-2-7-5-8-4-15-10-1-11-14-6
16,n16_i01,4,aco,feasible,19.739698102209697,3.2778300130012212,0.015472412109375,0.0,,,2026-04-21T00:00:00,44.0,399|16916|11176|19372|25034|97241|25970|70334|93173|13327|65433|65020|93105|76349|84353|37954,0-6-14-11-1-10-15-4-8-5-7-2-9-13-3-12
16,n16_i01,5,aco,feasible,19.739698102209697,3.287543338999967,0.015472412109375,0.0,,,2026-04-21T00:00:00,55.0,399|16916|11176|19372|25034|97241|25970|70334|93173|13327|65433|65020|93105|76349|84353|37954,0-6-14-11-1-10-15-4-8-5-7-2-9-13-3-12
16,n16_i02,1,ilp,optimal,21.861735125166515,2.0849579950008774,0.7987451553344727,,,,2026-04-21T00:00:00,,399|87513|1505|20015|85382|39974|99013|59588|19622|53470|71986|25731|74471|426|39523|80613,0-15-13-11-3-1-5-6-14-12-9-8-4-7-10-2
16,n16_i02,1,aco,feasible,21.861735125166515,3.2132051659991703,0.015472412109375,0.0,,,2026-04-21T00:00:00,11.0,399|87513|1505|20015|85382|39974|99013|59588|19622|53470|71986|25731|74471|426|39523|80613,0-15-13-11-3-1-5-6-14-12-9-8-4-7-10-2
16,n16_i02,2,aco,feasible,21.861735125166515,3.2979517630010378,0.015472412109375,0.0,,,2026-04-21T00:00:00,22.0,399|87513|1505|20015|85382|39974|99013|59588|19622|53470|71986|25731|74471|426|39523|80613,0-15-13-11-3-1-5-6-14-12-9-8-4-7-10-2
16,n16_i02,3,aco,feasible,21.861735125166515,3.282789867000247,0.015472412109375,0.0,,,2026-04-21T00:00:00,33.0,399|87513|1505|20015|85382|39974|99013|59588|19622|53470|71986|25731|74471|426|39523|80613,0-15-13-11-3-1-5-6-14-12-9-8-4-7-10-2
16,n16_i02,4,aco,feasible,21.861735125166515,3.2715787999986787,0.015472412109375,0.0,,,2026-04-21T00:00:00,44.0,399|87513|1505|20015|85382|39974|99013|59588|19622|53470|71986|25731|74471|426|39523|80613,0-15-13-11-3-1-5-6-14-12-9-8-4-7-10-2
16,n16_i02,5,aco,feasible,21.861735125166515,3.34435521100022,0.015472412109375,0.0,,,2026-04-21T00:00:00,55.0,399|87513|1505|20015|85382|39974|99013|59588|19622|53470|71986|25731|74471|426|39523|80613,0-15-13-11-3-1-5-6-14-12-9-8-4-7-10-2
16,n16_i03,1,ilp,optimal,18.50535879055472,1.1626198350004415,0.7997646331787109,,,,2026-04-21T00:00:00,,399|28417|81543|18948|96960|54118|98749|81541|94819|31072|25033|64010|26175|85698|84515|75,0-5-6-8-7-13-3-11-4-10-14-9-2-15-12-1
16,n16_i03,1,aco,feasible,18.50535879055472,3.2803655909992813,0.015472412109375,0.0,,,2026-04-21T00:00:00,11.0,399|28417|81543|18948|96960|54118|98749|81541|94819|31072|25033|64010|26175|85698|84515|75,0-1-12-15-2-9-14-10-4-11-3-13-7-8-6-5
16,n16_i03,2,aco,feasible,18.50535879055472,3.281343331000244,0.015472412109375,0.0,,,2026-04-21T00:00:00,22.0,399|28417|81543|18948|96960|54118|98749|81541|94819|31072|25033|64010|26175|85698|84515|75,0-1-12-15-2-9-14-10-4-11-3-13-7-8-6-5
16,n16_i03,3,aco,feasible,18.50535879055472,3.3419625030001043,0.015472412109375,0.0,,,2026-04-21T00:00:00,33.0,399|28417|81543|18948|96960|54118|98749|81541|94819|31072|25033|64010|26175|85698|84515|75,0-1-12-15-2-9-14-10-4-11-3-13-7-8-6-5
16,n16_i03,4,aco,feasible,18.50535879055472,3.3027371110001695,0.015472412109375,0.0,,,2026-04-21T00:00:00,44.0,399|28417|81543|18948|96960|54118|98749|81541|94819|31072|25033|64010|26175|85698|84515|75,0-1-12-15-2-9-14-10-4-11-3-13-7-8-6-5
16,n16_i03,5,aco,feasible,18.50535879055472,3.301843633000317,0.015472412109375,0.0,,,2026-04-21T00:00:00,55.0,399|28417|81543|18948|96960|54118|98749|81541|94819|31072|25033|64010|26175|85698|84515|75,0-1-12-15-2-9-14-10-4-11-3-13-7-8-6-5
16,n16_i04,1,ilp,optimal,22.026611075961245,0.5421602219994384,0.7995634078979492,,,,2026-04-21T00:00:00,,399|93505|57488|79043|2553|19663|62577|55307|36386|12593|36572|89365|15323|16227|78700|14072,0-2-14-11-7-8-4-3-9-10-1-6-15-5-13-12
16,n16_i04,1,aco,feasible,22.026611075961245,3.320850915999472,0.015472412109375,0.0,,,2026-04-21T00:00:00,11.0,399|93505|57488|79043|2553|19663|62577|55307|36386|12593|36572|89365|15323|16227|78700|14072,0-2-14-11-7-8-4-3-9-10-1-6-15-5-13-12
16,n16_i04,2,aco,feasible,22.026611075961245,3.255660531000103,0.01541900634765625,0.0,,,2026-04-21T00:00:00,22.0,399|93505|57488|79043|2553|19663|62577|55307|36386|12593|36572|89365|15323|16227|78700|14072,0-2-14-11-7-8-4-3-9-10-1-6-15-5-13-12
16,n16_i04,3,aco,feasible,22.026611075961245,3.3111900839994632,0.015472412109375,0.0,,,2026-04-21T00:00:00,33.0,399|93505|57488|79043|2553|19663|62577|55307|36386|12593|36572|89365|15323|16227|78700|14072,0-2-14-11-7-8-4-3-9-10-1-6-15-5-13-12
16,n16_i04,4,aco,feasible,22.026611075961245,3.349501422000685,0.015472412109375,0.0,,,2026-04-21T00:00:00,44.0,399|93505|57488|79043|2553|19663|62577|55307|36386|12593|36572|89365|15323|16227|78700|14072,0-2-14-11-7-8-4-3-9-10-1-6-15-5-13-12
16,n16_i04,5,aco,feasible,22.026611075961245,3.258578992999901,0.015472412109375,0.0,,,2026-04-21T00:00:00,55.0,399|93505|57488|79043|2553|19663|62577|55307|36386|12593|36572|89365|15323|16227|78700|14072,0-2-14-11-7-8-4-3-9-10-1-6-15-5-13-12
16,n16_i05,1,ilp,optimal,19.302770383128486,0.4934068800012028,0.7997493743896484,,,,2026-04-21T00:00:00,,399|84823|21484|21829|77297|87064|26644|39742|84164|94508|70462|32761|85687|31366|55858|67297,0-1-2-7-13-5-4-11-12-15-10-6-14-8-3-9
16,n16_i05,1,aco,feasible,19.302770383128486,3.338495392999903,0.015472412109375,0.0,,,2026-04-21T00:00:00,11.0,399|84823|21484|21829|77297|87064|26644|39742|84164|94508|70462|32761|85687|31366|55858|67297,0-1-2-7-13-5-4-11-12-15-10-6-14-8-3-9
16,n16_i05,2,aco,feasible,19.302770383128486,3.3246902970004157,0.015472412109375,0.0,,,2026-04-21T00:00:00,22.0,399|84823|21484|21829|77297|87064|26644|39742|84164|94508|70462|32761|85687|31366|55858|67297,0-1-2-7-13-5-4-11-12-15-10-6-14-8-3-9
16,n16_i05,3,aco,feasible,19.302770383128486,3.399260342999696,0.015472412109375,0.0,,,2026-04-21T00:00:00,33.0,399|84823|21484|21829|77297|87064|26644|39742|84164|94508|70462|32761|85687|31366|55858|67297,0-1-2-7-13-5-4-11-12-15-10-6-14-8-3-9
16,n16_i05,4,aco,feasible,19.302770383128486,3.387479783999879,0.015472412109375,0.0,,,2026-04-21T00:00:00,44.0,399|84823|21484|21829|77297|87064|26644|39742|84164|94508|70462|32761|85687|31366|55858|67297,0-1-2-7-13-5-4-11-12-15-10-6-14-8-3-9
16,n16_i05,5,aco,feasible,19.302770383128486,3.29883105800036,0.015472412109375,0.0,,,2026-04-21T00:00:00,55.0,399|84823|21484|21829|77297|87064|26644|39742|84164|94508|70462|32761|85687|31366|55858|67297,0-1-2-7-13-5-4-11-12-15-10-6-14-8-3-9
18,n18_i01,1,ilp,optimal,22.998717934758393,2.2896314579993486,0.9848880767822266,,,,2026-04-21T00:00:00,,399|63945|72423|82840|74178|20861|37494|34452|13393|59314|2758|92111|87604|35162|92129|33865|943|14306,0-15-2-4-10-7-14-12-9-17-11-6-5-3-16-1-8-13
18,n18_i01,1,aco,feasible,22.998717934758393,4.023815350999939,0.0184478759765625,0.0,,,2026-04-21T00:00:00,11.0,399|63945|72423|82840|74178|20861|37494|34452|13393|59314|2758|92111|87604|35162|92129|33865|943|14306,0-15-2-4-10-7-14-12-9-17-11-6-5-3-16-1-8-13
18,n18_i01,2,aco,feasible,22.998717934758393,4.062322684001629,0.0184478759765625,0.0,,,2026-04-21T00:00:00,22.0,399|63945|72423|82840|74178|20861|37494|34452|13393|59314|2758|92111|87604|35162|92129|33865|943|14306,0-15-2-4-10-7-14-12-9-17-11-6-5-3-16-1-8-13
18,n18_i01,3,aco,feasible,22.99871793475839,4.106433344000834,0.0184478759765625,-1.544744228299447e-14,,,2026-04-21T00:00:00,33.0,399|63945|72423|82840|74178|20861|37494|34452|13393|59314|2758|92111|87604|35162|92129|33865|943|14306,0-13-8-1-16-3-5-6-11-17-9-12-14-7-10-4-2-15
18,n18_i01,4,aco,feasible,23.25239992913705,3.9500287339997158,0.0184478759765625,1.1030266778273836,,,2026-04-21T00:00:00,44.0,399|63945|72423|82840|74178|20861|37494|34452|13393|59314|2758|92111|87604|35162|92129|33865|943|14306,0-13-1-8-16-3-5-6-11-17-9-14-12-7-10-4-2-15
18,n18_i01,5,aco,feasible,22.99871793475839,4.0281814230002055,0.0184478759765625,-1.544744228299447e-14,,,2026-04-21T00:00:00,55.0,399|63945|72423|82840|74178|20861|37494|34452|13393|59314|2758|92111|87604|35162|92129|33865|943|14306,0-13-8-1-16-3-5-6-11-17-9-12-14-7-10-4-2-15
18,n18_i02,1,ilp,optimal,20.324904641214967,1.5250781929989898,0.9847517013549805,,,,2026-04-21T00:00:00,,399|97720|12717|35008|13835|4118|58310|14288|82392|36196|51501|78625|33081|85679|22343|89848|90526|76954,0-12-4-7-8-1-5-15-10-2-11-9-14-17-13-3-6-16
18,n18_i02,1,aco,feasible,20.324904641214967,3.988563537999653,0.0184478759765625,0.0,,,2026-04-21T00:00:00,11.0,399|97720|12717|35008|13835|4118|58310|14288|82392|36196|51501|78625|33081|85679|22343|89848|90526|76954,0-12-4-7-8-1-5-15-10-2-11-9-14-17-13-3-6-16
18,n18_i02,2,aco,feasible,20.324904641214967,3.988989383000444,0.0184478759765625,0.0,,,2026-04-21T00:00:00,22.0,399|97720|12717|35008|13835|4118|58310|14288|82392|36196|51501|78625|33081|85679|22343|89848|90526|76954,0-16-6-3-13-17-14-9-11-2-10-15-5-1-8-7-4-12
18,n18_i02,3,aco,feasible,20.324904641214967,3.987172561999614,0.0184478759765625,0.0,,,2026-04-21T00:00:00,33.0,399|97720|12717|35008|13835|4118|58310|14288|82392|36196|51501|78625|33081|85679|22343|89848|90526|76954,0-16-6-3-13-17-14-9-11-2-10-15-5-1-8-7-4-12
18,n18_i02,4,aco,feasible,20.324904641214967,4.086744608999652,0.0184478759765625,0.0,,,2026-04-21T00:00:00,44.0,399|97720|12717|35008|13835|4118|58310|14288|82392|36196|51501|78625|33081|85679|22343|89848|90526|76954,0-16-6-3-13-17-14-9-11-2-10-15-5-1-8-7-4-12
18,n18_i02,5,aco,feasible,20.324904641214967,3.981931595999413,0.0184478759765625,0.0,,,2026-04-21T00:00:00,55.0,399|97720|12717|35008|13835|4118|58310|14288|82392|36196|51501|78625|33081|85679|22343|89848|90526|76954,0-16-6-3-13-17-14-9-11-2-10-15-5-1-8-7-4-12
18,n18_i03,1,ilp,optimal,20.17833352523886,4.312520912999389,0.986079216003418,,,,2026-04-21T00:00:00,,399|36851|76994|68355|29958|17364|17705|71499|61439|70520|68884|76214|12101|99697|17900|12945|67773|59474,0-13-12-11-17-6-15-1-2-14-16-10-5-8-3-7-9-4
18,n18_i03,1,aco,feasible,20.17833352523886,3.9637333860009676,0.0184478759765625,0.0,,,2026-04-21T00:00:00,11.0,399|36851|76994|68355|29958|17364|17705|71499|61439|70520|68884|76214|12101|99697|17900|12945|67773|59474,0-13-12-11-17-6-15-1-2-14-16-10-5-8-3-7-9-4
18,n18_i03,2,aco,feasible,20.17833352523886,4.039893610000945,0.0184478759765625,0.0,,,2026-04-21T00:00:00,22.0,399|36851|76994|68355|29958|17364|17705|71499|61439|70520|68884|76214|12101|99697|17900|12945|67773|59474,0-4-9-7-3-8-5-10-16-14-2-1-15-6-17-11-12-13
18,n18_i03,3,aco,feasible,20.17833352523886,3.9656546160003927,0.0184478759765625,0.0,,,2026-04-21T00:00:00,33.0,399|36851|76994|68355|29958|17364|17705|71499|61439|70520|68884|76214|12101|99697|17900|12945|67773|59474,0-4-9-7-3-8-5-10-16-14-2-1-15-6-17-11-12-13
18,n18_i03,4,aco,feasible,20.17833352523886,3.989520707000338,0.0184478759765625,0.0,,,2026-04-21T00:00:00,44.0,399|36851|76994|68355|29958|17364|17705|71499|61439|70520|68884|76214|12101|99697|17900|12945|67773|59474,0-13-12-11-17-6-15-1-2-14-16-10-5-8-3-7-9-4
18,n18_i03,5,aco,feasible,20.17833352523886,4.0284986549995665,0.0184478759765625,0.0,,,2026-04-21T00:00:00,55.0,399|36851|76994|68355|29958|17364|17705|71499|61439|70520|68884|76214|12101|99697|17900|12945|67773|59474,0-4-9-7-3-8-5-10-16-14-2-1-15-6-17-11-12-13
18,n18_i04,1,ilp,optimal,21.412284715767875,1.653394681001373,0.9854259490966797,,,,2026-04-21T00:00:00,,399|19323|37592|30113|29932|85293|73801|23374|70297|29051|51510|75638|37743|14881|73083|87133|17834|11631,0-3-11-15-5-12-16-9-1-2-6-10-17-8-14-4-7-13
18,n18_i04,1,aco,feasible,21.41228471576787,4.070870120000109,0.0184478759765625,-1.659194114948558e-14,,,2026-04-21T00:00:00,11.0,399|19323|37592|30113|29932|85293|73801|23374|70297|29051|51510|75638|37743|14881|73083|87133|17834|11631,0-13-7-4-14-8-17-10-6-2-1-9-16-12-5-15-11-3
18,n18_i04,2,aco,feasible,21.412284715767875,4.094189384000856,0.0184478759765625,0.0,,,2026-04-21T00:00:00,22.0,399|19323|37592|30113|29932|85293|73801|23374|70297|29051|51510|75638|37743|14881|73083|87133|17834|11631,0-3-11-15-5-12-16-9-1-2-6-10-17-8-14-4-7-13
18,n18_i04,3,aco,feasible,21.41228471576787,4.109138407999126,0.0184478759765625,-1.659194114948558e-14,,,2026-04-21T00:00:00,33.0,399|19323|37592|30113|29932|85293|73801|23374|70297|29051|51510|75638|37743|14881|73083|87133|17834|11631,0-13-7-4-14-8-17-10-6-2-1-9-16-12-5-15-11-3
18,n18_i04,4,aco,feasible,21.41228471576787,4.021485789000508,0.0184478759765625,-1.659194114948558e-14,,,2026-04-21T00:00:00,44.0,399|19323|37592|30113|29932|85293|73801|23374|70297|29051|51510|75638|37743|14881|73083|87133|17834|11631,0-13-7-4-14-8-17-10-6-2-1-9-16-12-5-15-11-3
18,n18_i04,5,aco,feasible,21.41228471576787,3.9918642619995808,0.0184478759765625,-1.659194114948558e-14,,,2026-04-21T00:00:00,55.0,399|19323|37592|30113|29932|85293|73801|23374|70297|29051|51510|75638|37743|14881|73083|87133|17834|11631,0-13-7-4-14-8-17-10-6-2-1-9-16-12-5-15-11-3
18,n18_i05,1,ilp,optimal,20.923361476463118,3.1916083979995165,0.9853544235229492,,,,2026-04-21T00:00:00,,399|85856|1935|17225|35983|26799|68270|78654|78093|33017|67566|12686|26580|64673|283|66174|39761|74639,0-3-9-15-12-7-8-13-5-10-14-6-1-16-2-4-17-11
18,n18_i05,1,aco,feasible,20.923361476463118,4.03403856100158,0.0184478759765625,0.0,,,2026-04-21T00:00:00,11.0,399|85856|1935|17225|35983|26799|68270|78654|78093|33017|67566|12686|26580|64673|283|66174|39761|74639,0-3-9-15-12-7-8-13-5-10-14-6-1-16-2-4-17-11
18,n18_i05,2,aco,feasible,20.923361476463118,4.058407877999343,0.0184478759765625,0.0,,,2026-04-21T00:00:00,22.0,399|85856|1935|17225|35983|26799|68270|78654|78093|33017|67566|12686|26580|64673|283|66174|39761|74639,0-11-17-4-2-16-1-6-14-10-5-13-8-7-12-15-9-3
18,n18_i05,3,aco,feasible,20.923361476463118,4.061323363999691,0.0184478759765625,0.0,,,2026-04-21T00:00:00,33.0,399|85856|1935|17225|35983|26799|68270|78654|78093|33017|67566|12686|26580|64673|283|66174|39761|74639,0-11-17-4-2-16-1-6-14-10-5-13-8-7-12-15-9-3
18,n18_i05,4,aco,feasible,20.923361476463118,4.003329523000502,0.0184478759765625,0.0,,,2026-04-21T00:00:00,44.0,399|85856|1935|17225|35983|26799|68270|78654|78093|33017|67566|12686|26580|64673|283|66174|39761|74639,0-11-17-4-2-16-1-6-14-10-5-13-8-7-12-15-9-3
18,n18_i05,5,aco,feasible,20.923361476463118,3.998226348998287,0.0184478759765625,0.0,,,2026-04-21T00:00:00,55.0,399|85856|1935|17225|35983|26799|68270|78654|78093|33017|67566|12686|26580|64673|283|66174|39761|74639,0-3-9-15-12-7-8-13-5-10-14-6-1-16-2-4-17-11
20,n20_i01,1,ilp,optimal,24.940656098854394,15.803159475999564,1.2398757934570312,,,,2026-04-21T00:00:00,,399|52389|70445|87846|78789|25290|29891|53891|33535|12666|90915|86067|12990|56105|12493|11573|91570|77494|80910|84616,0-1-3-15-8-4-11-16-7-5-14-12-9-19-18-17-6-2-13-10
20,n20_i01,1,aco,feasible,25.012680900621014,5.160382866999498,0.02117919921875,0.28878471152139584,,,2026-04-21T00:00:00,11.0,399|52389|70445|87846|78789|25290|29891|53891|33535|12666|90915|86067|12990|56105|12493|11573|91570|77494|80910|84616,0-10-13-2-6-17-18-19-9-14-12-5-7-16-11-4-15-8-3-1
20,n20_i01,2,aco,feasible,25.012680900621014,5.106418257000769,0.02117919921875,0.28878471152139584,,,2026-04-21T00:00:00,22.0,399|52389|70445|87846|78789|25290|29891|53891|33535|12666|90915|86067|12990|56105|12493|11573|91570|77494|80910|84616,0-10-13-2-6-17-18-19-9-14-12-5-7-16-11-4-15-8-3-1
20,n20_i01,3,aco,feasible,25.117941747384783,4.71549272700031,0.02117919921875,0.7108299309677465,,,2026-04-21T00:00:00,33.0,399|52389|70445|87846|78789|25290|29891|53891|33535|12666|90915|86067|12990|56105|12493|11573|91570|77494|80910|84616,0-10-2-13-6-17-18-19-9-14-12-5-7-16-11-4-15-8-3-1
20,n20_i01,4,aco,feasible,25.012680900621014,4.736992091999127,0.02117919921875,0.28878471152139584,,,2026-04-21T00:00:00,44.0,399|52389|70445|87846|78789|25290|29891|53891|33535|12666|90915|86067|12990|56105|12493|11573|91570|77494|80910|84616,0-10-13-2-6-17-18-19-9-14-12-5-7-16-11-4-15-8-3-1
20,n20_i01,5,aco,feasible,25.012680900621014,4.744433940999443,0.02117919921875,0.28878471152139584,,,2026-04-21T00:00:00,55.0,399|52389|70445|87846|78789|25290|29891|53891|33535|12666|90915|86067|12990|56105|12493|11573|91570|77494|80910|84616,0-10-13-2-6-17-18-19-9-14-12-5-7-16-11-4-15-8-3-1
20,n20_i02,1,ilp,optimal,25.842659026270862,14.793497280001247,1.2407722473144531,,,,2026-04-21T00:00:00,,399|25636|12456|81563|15501|29357|13982|92993|13908|35829|67924|20714|89669|37272|90881|92925|10210|96184|15746|69949,0-13-1-2-11-15-19-3-17-7-10-5-9-16-4-8-14-6-18-12
20,n20_i02,1,aco,feasible,25.95465455594605,5.006472937000581,0.02117919921875,0.43337463672502236,,,2026-04-21T00:00:00,11.0,399|25636|12456|81563|15501|29357|13982|92993|13908|35829|67924|20714|89669|37272|90881|92925|10210|96184|15746|69949,0-13-1-2-11-15-19-3-17-7-10-5-9-16-4-8-12-14-6-18
20,n20_i02,2,aco,feasible,25.869051655036778,4.9500789850008005,0.02117919921875,0.10212814687174938,,,2026-04-21T00:00:00,22.0,399|25636|12456|81563|15501|29357|13982|92993|13908|35829|67924|20714|89669|37272|90881|92925|10210|96184|15746|69949,0-13-1-2-11-15-19-3-17-7-10-5-9-16-4-8-14-18-6-12
20,n20_i02,3,aco,feasible,25.95465455594605,4.906821524999032,0.02117919921875,0.43337463672502236,,,2026-04-21T00:00:00,33.0,399|25636|12456|81563|15501|29357|13982|92993|13908|35829|67924|20714|89669|37272|90881|92925|10210|96184|15746|69949,0-13-1-2-11-15-19-3-17-7-10-5-9-16-4-8-12-14-6-18
20,n20_i02,4,aco,feasible,25.95465455594605,4.942326127000342,0.02117919921875,0.43337463672502236,,,2026-04-21T00:00:00,44.0,399|25636|12456|81563|15501|29357|13982|92993|13908|35829|67924|20714|89669|37272|90881|92925|10210|96184|15746|69949,0-13-1-2-11-15-19-3-17-7-10-5-9-16-4-8-12-14-6-18
20,n20_i02,5,aco,feasible,25.869051655036778,5.049518227999215,0.02117919921875,0.10212814687174938,,,2026-04-21T00:00:00,55.0,399|25636|12456|81563|15501|29357|13982|92993|13908|35829|67924|20714|89669|37272|90881|92925|10210|96184|15746|69949,0-13-1-2-11-15-19-3-17-7-10-5-9-16-4-8-14-18-6-12
20,n20_i03,1,ilp,optimal,20.502057754823955,2.356804082999588,1.2411165237426758,,,,2026-04-21T00:00:00,,399|91504|89086|83523|56468|39180|31773|56181|36286|39815|66877|22155|99608|54322|74930|56442|14509|1221|75069|96417,0-11-15-8-4-16-2-9-3-5-1-17-19-13-14-7-18-12-10-6
20,n20_i03,1,aco,feasible,20.502057754823955,4.824816956999712,0.02117919921875,0.0,,,2026-04-21T00:00:00,11.0,399|91504|89086|83523|56468|39180|31773|56181|36286|39815|66877|22155|99608|54322|74930|56442|14509|1221|75069|96417,0-11-15-8-4-16-2-9-3-5-1-17-19-13-14-7-18-12-10-6
20,n20_i03,2,aco,feasible,20.502057754823955,4.842591296001046,0.02117919921875,0.0,,,2026-04-21T00:00:00,22.0,399|91504|89086|83523|56468|39180|31773|56181|36286|39815|66877|22155|99608|54322|74930|56442|14509|1221|75069|96417,0-11-15-8-4-16-2-9-3-5-1-17-19-13-14-7-18-12-10-6
20,n20_i03,3,aco,feasible,20.502057754823955,4.911059326999748,0.02117919921875,0.0,,,2026-04-21T00:00:00,33.0,399|91504|89086|83523|56468|39180|31773|56181|36286|39815|66877|22155|99608|54322|74930|56442|14509|1221|75069|96417,0-6-10-12-18-7-14-13-19-17-1-5-3-9-2-16-4-8-15-11
20,n20_i03,4,aco,feasible,20.502057754823955,4.838539685999422,0.02117919921875,0.0,,,2026-04-21T00:00:00,44.0,399|91504|89086|83523|56468|39180|31773|56181|36286|39815|66877|22155|99608|54322|74930|56442|14509|1221|75069|96417,0-11-15-8-4-16-2-9-3-5-1-17-19-13-14-7-18-12-10-6
20,n20_i03,5,aco,feasible,20.502057754823955,4.8021967059994495,0.02117919921875,0.0,,,2026-04-21T00:00:00,55.0,399|91504|89086|83523|56468|39180|31773|56181|36286|39815|66877|22155|99608|54322|74930|56442|14509|1221|75069|96417,0-6-10-12-18-7-14-13-19-17-1-5-3-9-2-16-4-8-15-11
20,n20_i04,1,ilp,optimal,30.392961213886203,4.954641127000286,1.2414264678955078,,,,2026-04-21T00:00:00,,399|88793|18105|14603|85469|32939|81308|39761|22362|60746|14017|37019|63435|52354|25677|72434|86201|54652|95174|84330,0-12-18-4-3-7-1-17-15-5-16-11-6-9-10-14-19-2-13-8
20,n20_i04,1,aco,feasible,30.862793630227852,5.040000692999456,0.02117919921875,1.545859296286629,,,2026-04-21T00:00:00,11.0,399|88793|18105|14603|85469|32939|81308|39761|22362|60746|14017|37019|63435|52354|25677|72434|86201|54652|95174|84330,0-10-19-14-6-9-16-11-5-15-17-1-7-3-4-18-12-8-2-13
20,n20_i04,2,aco,feasible,30.850688583829193,5.027228729999479,0.02117919921875,1.506030842871144,,,2026-04-21T00:00:00,22.0,399|88793|18105|14603|85469|32939|81308|39761|22362|60746|14017|37019|63435|52354|25677|72434|86201|54652|95174|84330,0-8-13-2-11-6-14-19-10-9-16-5-15-17-1-7-3-4-12-18
20,n20_i04,3,aco,feasible,30.529658561013864,4.905471994999971,0.02117919921875,0.44976646456287417,,,2026-04-21T00:00:00,33.0,399|88793|18105|14603|85469|32939|81308|39761|22362|60746|14017|37019|63435|52354|25677|72434|86201|54652|95174|84330,0-8-13-2-19-14-10-9-6-11-5-16-15-17-1-7-3-4-18-12
20,n20_i04,4,aco,feasible,30.663744010784537,4.862087322999287,0.02117919921875,0.8909391717139326,,,2026-04-21T00:00:00,44.0,399|88793|18105|14603|85469|32939|81308|39761|22362|60746|14017|37019|63435|52354|25677|72434|86201|54652|95174|84330,0-10-9-6-14-19-8-13-2-11-16-5-15-17-1-7-3-4-18-12
20,n20_i04,5,aco,feasible,30.529658561013864,4.879018195000754,0.02117919921875,0.44976646456287417,,,2026-04-21T00:00:00,55.0,399|88793|18105|14603|85469|32939|81308|39761|22362|60746|14017|37019|63435|52354|25677|72434|86201|54652|95174|84330,0-12-18-4-3-7-1-17-15-16-5-11-6-9-10-14-19-2-13-8
20,n20_i05,1,ilp,optimal,25.06210427189042,0.8018112640002073,1.2413883209228516,,,,2026-04-21T00:00:00,,399|1026|87693|54241|18578|22602|39665|20130|19030|87513|25375|50698|51931|94277|32608|59943|31686|98131|39601|81245,0-6-16-11-8-19-1-9-12-10-14-7-13-5-3-17-15-2-18-4
20,n20_i05,1,aco,feasible,25.40616376705976,5.120277481000812,0.02117919921875,1.3728276422312868,,,2026-04-21T00:00:00,11.0,399|1026|87693|54241|18578|22602|39665|20130|19030|87513|25375|50698|51931|94277|32608|59943|31686|98131|39601|81245,0-6-16-11-8-19-1-9-12-10-14-7-13-17-5-3-15-2-18-4
20,n20_i05,2,aco,feasible,25.40616376705976,4.961083733000123,0.02117919921875,1.3728276422312868,,,2026-04-21T00:00:00,22.0,399|1026|87693|54241|18578|22602|39665|20130|19030|87513|25375|50698|51931|94277|32608|59943|31686|98131|39601|81245,0-6-16-11-8-19-1-9-12-10-14-7-13-17-5-3-15-2-18-4
20,n20_i05,3,aco,feasible,25.40616376705976,5.002313101000254,0.02117919921875,1.3728276422312868,,,2026-04-21T00:00:00,33.0,399|1026|87693|54241|18578|22602|39665|20130|19030|87513|25375|50698|51931|94277|32608|59943|31686|98131|39601|81245,0-6-16-11-8-19-1-9-12-10-14-7-13-17-5-3-15-2-18-4
20,n20_i05,4,aco,feasible,25.40616376705976,5.0792988410012185,0.02117919921875,1.3728276422312868,,,2026-04-21T00:00:00,44.0,399|1026|87693|54241|18578|22602|39665|20130|19030|87513|25375|50698|51931|94277|32608|59943|31686|98131|39601|81245,0-6-16-11-8-19-1-9-12-10-14-7-13-17-5-3-15-2-18-4
20,n20_i05,5,aco,feasible,25.40616376705976,4.8782812589997775,0.02117919921875,1.3728276422312868,,,2026-04-21T00:00:00,55.0,399|1026|87693|54241|18578|22602|39665|20130|19030|87513|25375|50698|51931|94277|32608|59943|31686|98131|39601|81245,0-6-16-11-8-19-1-9-12-10-14-7-13-17-5-3-15-2-18-4
